iter	MAE
0	2066.168914
1	2012.41348
2	1961.61011
3	1911.687288
4	1865.415976
5	1820.893859
6	1777.455477
7	1735.904539
8	1698.486362
9	1665.362467
10	1631.397154
11	1595.641391
12	1563.317277
13	1532.229697
14	1505.843064
15	1478.708033
16	1455.578145
17	1432.93462
18	1410.724327
19	1390.583202220	1370.284158221	1351.726597222	1333.651742223	1317.697931
24	1300.285238
25	1284.129797
26	1269.869352
27	1254.407228	28	1238.850729	29	1223.690130	30	1211.617231	31	1198.763032	32	1190.59533	133	1179.73534	134	1168.27335	135	1161.10736	136	1152.81437	137	1143.79238	138	1137.46539	139	1128.56940	140	1119.63341	141	1111.3942	1142	1104.6443	1143	1097.9944	1144	1091.5145	1145	1085.2846	1046	1077.8247	1047	1071.4948	1048	1066.0549	149	1059.91550	150	1055.0351	1051	1050.0652	1052	1044.7153	1053	1039.7454	1054	1035.8755	1055	1031.4156	1056	1028.1557	1057	1024.1758	158	1020.31859	159	1015.86860	160	1013.38161	161	1009.27762	162	1006.29563	163	1003.06764	164	999.720565	165	996.903666	166	994.819567	167	992.412268	968	989.304369	969	986.910470	70	984.7433771	71	981.8015772	72	979.9876573	73	977.363977474	974.8563047575	971.6446128
76	970.2127234
77	967.5827966778	964.5506678
79	961.7964719
80	960.3217781
81	958.0630374
82	955.3634573
83	953.6205411
84	951.2152458
85	948.4552521
86	946.6621556
87	945.1357857
88	943.194862
89	940.9491498
90	939.5068354
91	937.4927377
92	936.0093382
93	934.0131441
94	931.923793
95	930.2129022
96	928.2982604
97	997	914.307898	998	912.338799	924.3349052
100	922.6143164
101	920.7401131
102	102	905.3206103	103	904.2479104	916.8905406
105105	901.18528106106	898.67205107107	897.73952108108	896.78692109109	895.81345110	910.1067141
111	908.6720938
112	907.307719
113	906.4098514
114	905.2149899
115	902.9928029
116	901.5421948
117	900.6691243
118	899.8591036
119	898.1238774
120	896.5197208
121	895.5710417
122	894.971794
123	894.6399446
124	893.9299084
125	892.5104492
126	891.0533936
127	890.0404785
128	889.48428
129	888.6084123
130	887.5961691
131	886.6619858
132	886.1923154
133	884.4142817
134	882.944117
135	881.5723062
136	880.6164739
137	879.7237955
138	878.7332352
139	877.2473509
140	876.4559881
141	875.7448666
142	874.8698907
143	874.0311245
144	873.2136642
145	872.0108876
146	871.5456011
147	870.0677217
148	869.2943446
149	868.4399508
150	867.5936751
151	866.9025041
152	866.8195066
153	866.0737651
154	865.2469856
155	864.8539814
156	863.9717624
157	863.5158064
158	862.4262233
159	861.8099992
160	861.3858162
161	859.7735671
162	858.7745878
163	857.9295921
164	857.8763451
165	856.7399336
166	855.922021
167	855.3026463
168	854.5639446
169	854.4168744
170	853.7831973
171	853.1393027
172	852.4844173	173	851.8296257
174	850.9842678
175	849.6316833
176	848.9000072
177	848.251384
178	847.383239
179	846.7676195
180	845.7962136
181	845.1468076
182	844.154959
183	843.565647
184	842.7507146
185	842.3325212
186	841.1349643
187	839.9003443
188	838.7885403
189	837.736202
190	837.173882
191	836.2768109
192	835.6717186
193	834.9592536
194	834.425805
195	833.2641906
196	832.4209779
197	832.1628582
198	831.803113
199	831.436115
200	830.7777456
201	830.352497
202	829.8545347
203	829.3487147
204	828.4005699
205	826.9935647
206	826.2597828
207	825.3270308
208	824.4059031
209	823.6654286
210	823.3583653
211	823.0439287
212	821.9567492
213	821.6035418
214	820.9369356
215	819.920903
216	818.8707229
217	818.1666408
218	817.0723489
219	815.5057725
220	814.1662612
221	813.875282
222	813.0985275
223	812.3220145
224	811.809194
225	811.4246091
226	810.9460645
227	810.0692343
228	808.6935914
229	807.9229388
230	807.2254726
231	806.5897773
232	806.2630485
233	805.7241441
234	804.7034462
235	804.5050148
236	802.9799016
237	802.2719322
238	801.6667809
239	800.7647354
240	800.4930655
241	799.9401012
242	799.3530985
243	798.6661841
244	798.0468285
245	797.0949951
246	796.878766
247	796.2486189
248	795.8138614
249	795.2988425
250	794.8476215
251	794.6467829
252	793.7211372
253	793.1365051
254	792.3397663
255	791.7917589
256	791.6022581
257	791.3055947
258	790.8019542
259	790.4280423
260	790.0474165
261	788.8621194
262	788.5673295
263	788.1105555
264	787.7213447
265	787.21824
266	786.6960067
267	786.2678352
268	785.632007
269	784.6371394
270	784.0876261
271	783.5374343
272	783.2562957
273	782.7941805
274	782.3371952
275	781.7618883
276	781.5191007
277	780.9068493
278	780.3218244
279	780.0447203
280	779.4086646
281	778.7421494
282	778.1827846
283	777.2878501
284	776.6954262
285	775.6895802
286	775.0750026
287	774.585527
288	773.9449218
289	773.732013
290	773.1512181
291	772.2121391
292	771.6576983
293	770.8985385
294	770.7170478
295	770.2606625
296	769.8516291
297	769.0053727
298	768.6441828
299	768.1398591
300	767.4800919
301	766.8860299
302	766.3330735
303	765.4104292
304	765.241979
305	764.7231827
306	764.0575029
307	763.7031111
308	762.6160274
309	762.2816581
310	761.7370457
311	761.361456
312	760.4755914
313	760.0758406
314	759.8686006
315	759.4125807
316	759.0636296
317	758.5533602
318	757.3616979
319	757.0191445
320	756.7528352
321	755.9075813
322	755.4976154
323	754.9675412
324	754.4149082
325	754.2013878
326	754.0688211
327	753.7745597
328	753.447886
329	753.1852892
330	752.3927623
331	752.1048001
332	751.6841977
333	751.1755695
334	750.8624169
335	750.3691382
336	750.1200369
337	749.5939506
338	749.2827039
339	748.0664756
340	747.5301062
341	747.1799578
342	746.8590731
343	746.5902267
344	746.348907
345	745.9232229
346	745.7300126
347	745.2223456
348	744.975291
349	744.4459434
350	744.2423736
351	744.0070972
352	743.6411208
353	743.3849994
354	742.9915425
355	742.4870285
356	742.2925723
357	741.5243433
358	740.9788888
359	740.7647356
360	740.640868
361	740.4577214
362	739.2075343
363	738.5247344
364	737.9187456
365	737.5209765
366	737.1083586
367	736.4241797
368	736.0244552
369	735.674441
370	735.395356
371	735.0836522
372	734.4596401
373	734.001159
374	733.8638811
375	733.7529999
376	733.5909879
377	733.1628488
378	732.9797666
379	732.3070986
380	732.1307541
381	731.9550624
382	731.421111
383	731.0307364
384	730.4378983
385	729.3416939
386	728.6390754
387	728.0493636
388	726.8918525
389	726.2502096
390	725.9880014
391	725.7909043
392	725.648621
393	725.3904742
394	725.0734538
395	724.9333729
396	724.6585414
397	724.3418123
398	724.1526337
399	723.6434973
400	723.2831987
401	723.0952977
402	722.895242
403	722.765569
404	722.5630724
405	722.373331
406	721.9941063
407	721.1122862
408	720.5792757
409	720.3705509
410	720.1128096
411	719.8495034
412	719.6061541
413	718.9561711
414	718.4525949
415	717.9953692
416	717.1574953
417	716.6618209
418	716.1051336
419	715.849419	7420	715.6841171
421	715.2877416
422	714.988549
423	714.617705
424	714.4038747
425	713.9885464
426	713.7610943
427	713.0252712
428	712.3076931
429	711.9971447
430	711.2619676
431	711.0806966
432	710.4864327
433	709.8953004
434	709.7663933
435	709.2737837
436	709.0770823
437	708.7149207
438	708.4560359
439	708.2133158
440	707.936647
441	707.5158876
442	707.3574787
443	706.7096315
444	706.5814138
445	706.4064752
446	706.1090325
447	705.9229123
448	705.69507
449	705.4698657
450	705.4218948
451	704.9392337
452	704.6933394
453	703.9983328
454	703.7298462
455	703.5209273
456	703.3827982
457	703.2994939
458	702.8064121
459	702.415785
460	702.1046863
461	701.8851688
462	701.6034925
463	701.3574334
464	700.6842418
465	700.2841411
466	699.6662362
467	698.6946248
468	698.5399677
469	698.3718085
470	697.98916
471	697.7240064
472	697.432435
473	697.0724208
474	696.9445974
475	696.7271794
476	695.537621
477	694.8627838
478	694.5234091
479	693.8706302
480	693.4920303
481	693.2609528
482	692.7960225
483	692.1961227
484	691.9893482
485	691.7502135
486	691.4751212
487	690.8638405
488	690.2737366
489	689.9512541
490	689.3373322
491	688.8863297
492	688.7598449
493	688.4800318
494	687.7186409
495	687.2352667
496	687.0062419
497	686.6634127
498	686.509036
499	686.1617717
500	686.0203741
501	685.5789832
502	685.4020096
503	684.6209416
504	684.499325
505	684.2072723
506	683.7127033
507	683.530949
508	683.209738
509	683.0939156
510	682.7233895
511	682.1780681
512	682.007174
513	681.588009
514	681.2769602
515	681.1906094
516	680.7627144
517	680.2656125
518	679.9786143
519	679.5945671
520	679.4183472
521	679.0038346
522	678.5526082
523	678.481124
524	678.3531912
525	678.0462794
526	677.8147465
527	677.6978161
528	677.2622674
529	676.8835906
530	676.7606089
531	676.625473
532	676.0874522
533	675.8703897
534	675.6050424
535	675.1687668
536	674.9698317
537	674.8338095
538	674.6048614
539	674.5235664
540	674.1451431
541	673.8889993
542	673.5801268
543	673.2492078
544	672.7779881
545	672.6835647
546	672.5593236
547	672.3271314
548	672.0047368
549	671.9048323
550	671.1682372
551	670.8159124
552	670.3794042
553	670.0747189
554	669.3402986
555	669.0402491
556	668.7780524
557	668.5112948
558	668.2438635
559	668.0460325
560	667.9069406
561	667.8446668
562	667.6939816
563	667.5537915
564	667.196373
565	666.6117771
566	666.4306751
567	666.1878971
568	665.8674262
569	665.6463038
570	665.4729129
571	665.1629705
572	664.9167667
573	664.6085714
574	664.5103955
575	664.3055098
576	664.1120792
577	663.8483584
578	663.2081971
579	662.7364342
580	662.6210578
581	662.0688115
582	661.5241874
583	661.3012944
584	661.0328065
585	660.7124649
586	659.9136032
587	659.2900095
588	659.0347358
589	658.858636
590	658.581661
591	658.4578421
592	658.0850462
593	657.8449477
594	657.6749935
595	657.5603888
596	657.3445442
597	656.9902433
598	656.8257524
599	656.7643308
600	656.6485897
601	656.0871507
602	655.5109486
603	654.8938799
604	653.7458159
605	653.4891668
606	653.2424012
607	653.1598529
608	652.9829702
609	652.6129288
610	652.2936297
611	652.1497043
612	651.9887524
613	651.6891491
614	651.5472281
615	651.1696104
616	651.0296263
617	650.8211048
618	650.7081794
619	650.5572742
620	650.0763168
621	649.8655764
622	649.7176087
623	649.4456751
624	649.4087074
625	649.1922697
626	649.0673856
627	648.6722791
628	648.4988817
629	648.3447259
630	648.1623737
631	648.056462
632	647.9219502
633	647.2121025
634	647.1273309
635	647.0365837
636	646.8450604
637	646.562157
638	646.4034669
639	646.1742883
640	646.1229641
641	645.8804171
642	645.306501
643	644.9845559
644	644.755688
645	644.5536965
646	644.3662382
647	644.1680932
648	644.064592
649	643.6563519
650	643.1758496
651	643.0888426
652	642.9375827
653	642.8281114
654	641.771719
655	641.6938295
656	641.3448002
657	641.0738281
658	640.8185458
659	640.2487241
660	640.0753313
661	640.0082066
662	639.8274403
663	639.7992474
664	639.1144982
665	638.7667048
666	638.6270299
667	638.5010499
668	638.3624483
669	638.1733411
670	638.0446626
671	637.9063718
672	637.8475504
673	637.6467474
674	637.4632375
675	637.202225
676	637.0953721
677	636.9259068
678	636.7070548
679	636.5398899
680	636.2461996
681	635.8981063
682	635.7507477
683	635.6568558
684	635.2576479
685	635.1772882
686	635.0018081
687	634.9530653
688	634.7953846
689	634.5528646
690	634.4484782
691	634.1669425
692	633.5088912
693	633.1679901
694	633.0896654
695	632.9690369
696	632.7193963
697	632.5043594
698	632.4069381
699	632.326638
700	632.280912
701	632.0711417
702	631.894365
703	631.8075376
704	631.1713464
705	630.8246292
706	630.6850644
707	630.5468132
708	630.5002329
709	630.2325777
710	629.9947844
711	629.8696592
712	629.7231984
713	629.5634412
714	629.4406238
715	629.2967641
716	629.14097
717	628.8730149
718	628.4601913
719	628.3863446
720	627.8080619
721	627.6570482
722	627.329642
723	627.2685628
724	626.5785474
725	626.4813602
726	626.2856929
727	626.22089
728	626.125775
729	626.0189952
730	625.8924487
731	625.7733288
732	625.5989627
733	625.5771961
734	625.0769385
735	624.9863831
736	624.5648734
737	624.3845722
738	624.2681482
739	624.0605276
740	623.8156553
741	623.7389973
742	623.7121307
743	623.5814704
744	623.4964751
745	623.4243571
746	623.240367
747	623.0203497
748	622.9239092
749	622.9041649
750	621.7326874
751	621.6128156
752	621.3775103
753	621.2095555
754	620.8725704
755	620.8066291
756	620.4902602
757	620.1714296
758	619.9904058
759	619.9357247
760	619.7811316
761	619.5957107
762	619.430164
763	619.1180899
764	618.5463671
765	618.4251411
766	618.2306761
767	617.9957135
768	617.703459
769	617.5418469
770	617.3908649
771	617.3372584
772	617.2707448
773	617.152843
774	617.1183213
775	616.9873461
776	616.8027657
777	616.0939969
778	616.0219528
779	615.9610133
780	615.4977682
781	615.1981723
782	614.7940743
783	614.7472017
784	614.5442564
785	614.3704185
786	613.8821341
787	613.5779999
788	613.3648293
789	613.3272577
790	613.2120156
791	612.9596424
792	612.7565694
793	612.5811293
794	612.4279446
795	612.053693
796	611.8824951
797	611.5007611
798	611.2173164
799	611.0936126
800	610.9299916
801	610.8256602
802	610.4413666
803	610.1714553
804	609.8444788
805	609.7449423
806	609.5822214
807	609.4964945
808	609.2489565
809	608.9116905
810	608.5800407
811	608.3530151
812	608.2824646
813	608.2419431
814	608.2090108
815	608.0650053
816	607.8316321
817	607.7116454
818	607.5115627
819	607.2016199
820	607.0155583
821	606.8984186
822	606.8177205
823	606.6026987
824	606.3215447
825	605.7484271
826	605.6675558
827	605.5932382
828	605.4981306
829	605.3417061
830	605.029694
831	604.9423336
832	604.8042621
833	604.6602435
834	604.4946325
835	604.2795029
836	604.1411932
837	603.6788721
838	603.5437171
839	603.3194718
840	603.099124
841	602.9959782
842	602.5738994
843	602.4634636
844	602.2562621
845	602.1353292
846	602.0048732
847	601.8915736
848	601.373558
849	601.2412592
850	601.1284419
851	600.8907619
852	600.7914459
853	600.0465422
854	599.9561467
855	599.8167426
856	599.5682937
857	599.4346406
858	599.2111646
859	599.0843791
860	599.0183485
861	598.9146324
862	598.7656583
863	598.5067639
864	598.0604984
865	597.6329159
866	597.5364513
867	597.4685333
868	597.1780561
869	596.823288
870	596.6754624
871	596.1327913
872	595.8098446
873	595.5692716
874	595.4179469
875	595.3200847
876	594.8379365
877	594.569227
878	594.4880068
879	594.3793425
880	594.3180093
881	594.1385591
882	594.0060744
883	593.9097735
884	593.6739776
885	593.4607063
886	593.2903956
887	593.1991291
888	593.0725929
889	592.9664345
890	592.923286
891	592.7553852
892	592.6523326
893	592.4276682
894	592.3262243
895	592.2360044
896	592.1294168
897	592.1047289
898	592.0239459
899	591.9824578
900	591.871282
901	591.6965936
902	591.5847119
903	591.411122
904	591.3972132
905	591.316759
906	591.2189418
907	591.072754
908	591.0284124
909	590.5666875
910	590.5242627
911	590.4399353
912	590.39078
913	590.1763806
914	590.07011
915	589.9230337
916	589.7292755
917	589.5304037
918	589.2206407
919	589.0324961
920	588.876239
921	588.5644294
922	588.3469561
923	588.1925008
924	588.0339338
925	588.0142911
926	587.8011045
927	587.7423432
928	587.510918
929	587.4672241
930	587.3323854
931	587.0929079
932	586.8983625
933	586.8325299
934	586.761619
935	586.6443162
936	586.5900297
937	586.4757966
938	586.3477264
939	586.2246701
940	585.9400585
941	584.9205112
942	584.8595327
943	584.8011025
944	584.6538051
945	584.4668128
946	583.9535291
947	583.8775753
948	583.6208172
949	583.5402168
950	583.4945993
951	583.4582934
952	583.4045958
953	583.0789125
954	582.7907562
955	582.7076273
956	582.6178406
957	582.5909092
958	582.5399544
959	582.4297459
960	582.166074
961	582.0491545
962	581.9962379
963	581.7419383
964	581.7106699
965	581.6536943
966	581.4943469
967	581.4106292
968	581.2358447
969	581.1402634
970	581.0275902
971	581.0093037
972	580.982944
973	580.8384202
974	580.7849507
975	580.5104005
976	580.2598376
977	580.1306318
978	580.0299276
979	579.7741264
980	579.7125537
981	579.5456426
982	579.4148414
983	579.3506087
984	579.2903901
985	579.1597294
986	578.8705389
987	578.7815111
988	578.6802351
989	578.4844179
990	578.2738299
991	577.856048
992	577.8244091
993	577.50541
994	576.9833949
995	576.7540892
996	576.6502219
997	576.3812938
998	576.1860893
999	576.0463725
1000	575.9555786
1001	575.7137251
1002	575.5775675
1003	575.2918545
1004	575.2402293
1005	575.1805182
1006	575.0740791
1007	575.0447328
1008	574.9938258
1009	574.9183744
1010	574.7425905
1011	573.9349141
1012	573.8661747
1013	573.7093634
1014	573.5577328
1015	573.4616293
1016	573.2445954
1017	573.2141007
1018	573.1032144
1019	573.0241136
1020	572.9056816
1021	572.7852649
1022	572.7533725
1023	572.7230195
1024	572.6026005
1025	572.5309169
1026	572.4278941
1027	572.3862835
1028	572.1492646
1029	572.1060512
1030	571.9745574
1031	571.8958371
1032	571.6352369
1033	571.4884709
1034	571.3051966
1035	571.1176997
1036	570.8759699
1037	570.6763967
1038	570.4575926
1039	570.3242916
1040	570.1072435
1041	570.0540729
1042	569.9298841
1043	569.8083318
1044	569.6088714
1045	569.3709059
1046	569.202768
1047	569.166523
1048	569.1148274
1049	568.8090859
1050	568.758681
1051	568.6423336
1052	568.4837249
1053	568.3073283
1054	568.2258197
1055	568.0500546
1056	567.9690953
1057	567.891507
1058	567.7477078
1059	567.6497919
1060	567.5913102
1061	567.5097147
1062	567.3141913
1063	567.3077009
1064	567.1458699
1065	567.1116633
1066	567.057616
1067	566.9969349
1068	566.8687158
1069	566.8423488
1070	566.7752567
1071	566.7181783
1072	566.6529046
1073	566.6021297
1074	566.5373163
1075	566.497489
1076	566.3210228
1077	566.2875394
1078	566.1974877
1079	566.0619123
1080	565.9772728
1081	565.9202937
1082	565.8287844
1083	565.7157549
1084	565.5851581
1085	565.5253773
1086	565.456275
1087	565.4368796
1088	565.2478731
1089	565.1180769
1090	565.0134197
1091	564.9918628
1092	564.9545142
1093	564.8846527
1094	564.5954027
1095	564.4808641
1096	564.4001876
1097	564.3942672
1098	564.3685161
1099	564.2323122
1100	564.209398
1101	564.1064736
1102	563.9486621
1103	563.8634253
1104	563.7340116
1105	563.4848723
1106	563.4636734
1107	563.4016854
1108	563.3228287
1109	563.2261872
1110	563.1721856
1111	563.0774308
1112	562.9645125
1113	562.9025243
1114	562.831522
1115	562.7754513
1116	562.6784807
1117	562.5698684
1118	562.4734569
1119	562.3290167
1120	562.2173073
1121	562.1515666
1122	562.1062052
1123	562.0944446
1124	562.0469804
1125	561.9985036
1126	561.9557811
1127	561.8098649
1128	561.694635
1129	561.6536452
1130	561.533686
1131	561.5314068
1132	561.4701598
1133	561.4409331
1134	561.3828046
1135	561.3555801
1136	561.0309134
1137	560.926425
1138	560.8425607
1139	560.8098411
1140	560.7349003
1141	560.6877284
1142	560.6542939
1143	560.5877805
1144	560.5236236
1145	560.4941127
1146	560.1973398
1147	560.1398576
1148	560.0925537
1149	560.0070497
1150	559.9072823
1151	559.848657
1152	559.7014898
1153	559.6771376
1154	559.6300459
1155	559.5424634
1156	559.5022592
1157	559.3533642
1158	559.0395419
1159	558.9859275
1160	558.9301674
1161	558.6103733
1162	558.3513668
1163	558.2051189
1164	558.1800881
1165	558.1032883
1166	557.9370052
1167	557.9036084
1168	557.7134042
1169	557.3210012
1170	557.2609173
1171	557.2417408
1172	557.153925
1173	556.7936526
1174	556.6957919
1175	556.6429741
1176	556.5814088
1177	556.5539027
1178	556.4322639
1179	556.1936596
1180	556.1537578
1181	556.0085226
1182	555.8935473
1183	555.848488
1184	555.7551419
1185	555.7147713
1186	555.6814727
1187	555.6591697
1188	555.6049873
1189	555.573933
1190	555.4563748
1191	555.2920601
1192	555.2557079
1193	555.2142326
1194	555.165366
1195	555.1566061
1196	555.0806031
1197	555.0164955
1198	554.9587276
1199	554.8400453
1200	554.7732789
1201	554.7063342
1202	554.6373496
1203	554.3963449
1204	554.3615181
1205	554.2875599
1206	554.1294138
1207	554.0077664
1208	553.7263073
1209	553.6900783
1210	553.6449564
1211	553.3637573
1212	553.2253713
1213	553.2003581
1214	553.1102676
1215	552.9965973
1216	552.8258814
1217	552.7441583
1218	552.4390633
1219	552.2564447
1220	552.2056331
1221	552.1040842
1222	551.9949328
1223	551.87847
1224	551.8408932
1225	551.8184658
1226	551.7808029
1227	551.7013358
1228	551.6398801
1229	551.5278412
1230	551.0923018
1231	550.9883754
1232	550.9340453
1233	550.8223578
1234	550.7902753
1235	550.7739767
1236	550.7025049
1237	550.6457638
1238	550.6063236
1239	550.5703593
1240	550.5571328
1241	550.3968829
1242	550.3513785
1243	550.3047761
1244	550.177067
1245	550.0636282
1246	550.0123921
1247	549.9166726
1248	549.8771982
1249	549.795745
1250	549.4645773
1251	549.1932891
1252	549.0098183
1253	548.8878456
1254	548.6958165
1255	548.5248886
1256	548.4371206
1257	548.3716767
1258	548.2839474
1259	548.2637616
1260	548.2082805
1261	548.1859112
1262	548.127329
1263	547.9771136
1264	547.8783819
1265	547.8146906
1266	547.7786336
1267	547.656196
1268	547.5982861
1269	547.5668152
1270	547.4909104
1271	547.4094888
1272	547.3909529
1273	547.3289978
1274	547.2772383
1275	547.2422052
1276	547.1352073
1277	547.0710932
1278	546.7448696
1279	546.6387298
1280	546.4625895
1281	546.4152911
1282	546.3622045
1283	546.12355
1284	546.0913642
1285	545.6088021
1286	545.590702
1287	545.552149
1288	545.5244424
1289	545.4787938
1290	545.260284
1291	545.1164497
1292	545.0806354
1293	544.9817424
1294	544.8534224
1295	544.8330468
1296	544.4954067
1297	544.4004309
1298	544.3641796
1299	544.3588399
1300	544.0122734
1301	543.9931279
1302	543.8925706
1303	543.6835995
1304	543.6145286
1305	543.4610203
1306	543.4347238
1307	543.3909517
1308	543.3751074
1309	543.3468698
1310	543.3263634
1311	543.0361703
1312	542.9025962
1313	542.8305384
1314	542.7835273
1315	542.6726074
1316	542.5280806
1317	542.4520668
1318	542.4091479
1319	542.3309864
1320	542.2659237
1321	542.1907444
1322	542.0865944
1323	542.0391983
1324	541.8667469
1325	541.8314749
1326	541.7886318
1327	541.6675438
1328	541.5508055
1329	541.4636494
1330	541.4217427
1331	541.3351779
1332	541.3327433
1333	541.2523776
1334	541.1381488
1335	541.0369141
1336	540.9711601
1337	540.9288879
1338	540.8210449
1339	540.7367758
1340	540.6933062
1341	540.5889985
1342	540.5338083
1343	540.2613952
1344	540.1201918
1345	540.0929829
1346	539.9554257
1347	539.9113265
1348	539.827131
1349	539.7272087
1350	539.6935253
1351	539.5561168
1352	539.2933773
1353	539.274292
1354	539.0409628
1355	538.962834
1356	538.8722126
1357	538.71032
1358	538.6903936
1359	538.657964
1360	538.5785183
1361	538.5521305
1362	538.5106422
1363	538.4489987
1364	538.3513423
1365	538.2891768
1366	537.9679431
1367	537.908326
1368	537.7025374
1369	537.5582923
1370	537.5067475
1371	537.4976502
1372	537.4648976
1373	537.3935508
1374	537.144155
1375	537.0696155
1376	536.9857833
1377	536.9365912
1378	536.8909948
1379	536.7643142
1380	536.685859
1381	536.572758
1382	536.5645403
1383	536.0753885
1384	535.9233858
1385	535.7118629
1386	535.688011
1387	535.4798226
1388	535.3412865
1389	535.2347157
1390	535.1661063
1391	535.1610991
1392	535.1195993
1393	534.9781716
1394	534.9031275
1395	534.8138577
1396	534.7371209
1397	534.721678
1398	534.5805713
1399	534.5139708
1400	534.3850598
1401	534.3138996
1402	534.2546841
1403	534.2222743
1404	534.1790334
1405	534.0967514
1406	533.905148
1407	533.8888532
1408	533.8496014
1409	533.7628032
1410	533.7268885
1411	533.6594432
1412	533.4878991
1413	533.3678861
1414	533.3447814
1415	533.2528952
1416	533.1781635
1417	533.138777
1418	532.9250303
1419	532.901978
1420	532.860424
1421	532.8281499
1422	532.6129276
1423	532.5812466
1424	532.4828274
1425	532.4757825
1426	532.4611631
1427	532.4055331
1428	532.2989707
1429	532.233103
1430	532.1850339
1431	532.1427871
1432	532.1060261
1433	532.069238
1434	531.9755301
1435	531.9455699
1436	531.893651
1437	531.84563
1438	531.7589893
1439	531.5652162
1440	531.5241876
1441	531.4608958
1442	531.3317732
1443	531.2724625
1444	531.2374188
1445	531.1355176
1446	530.9949483
1447	530.9499639
1448	530.9239614
1449	530.8217834
1450	530.6842993
1451	530.6021569
1452	530.570972
1453	530.4123077
1454	530.3194746
1455	530.2094998
1456	530.1635198
1457	530.125439
1458	530.1083596
1459	530.090781
1460	529.9551701
1461	529.9107104
1462	529.8591449
1463	529.7339403
1464	529.721707
1465	529.6141623
1466	529.4394936
1467	529.3500104
1468	529.2016281
1469	529.1638186
1470	529.1085183
1471	528.9777618
1472	528.8760316
1473	528.7519652
1474	528.7189825
1475	528.6661873
1476	528.5567664
1477	528.360908
1478	528.2395821
1479	528.1066067
1480	528.0683106
1481	527.9526258
1482	527.8356281
1483	527.6827584
1484	527.5350323
1485	527.4551043
1486	527.4037809
1487	527.3206865
1488	527.2330931
1489	527.1655064
1490	527.1211573
1491	527.0656169
1492	526.5439499
1493	526.4666677
1494	526.3931832
1495	526.2059435
1496	526.175276
1497	526.0647922
1498	526.0269203
1499	525.7414941
9214
