iter	Passed	Remaining
0	179	269649
1	236	176967
2	302	151140
3	359	134427
4	428	128076
5	501	124858
6	559	119290
7	616	115038
8	676	112049
9	728	108529
10	777	105244
11	843	104581112	909	104018113	976	103613
14	1030	102005
15	1081	1016	1116	1138	117	1117	1189	118	1218	1246	119	1219	1298	220	1320	1350	221	1321	1402	222	1422	1450	223	1423	1508	924	1524	1576	925	1625	1639	926	1626	1693	927	1727	1750	928	1728	1804	929	1829	1865	930	1930	1929	931	1931	1994	932	2032	2051	933	2033	2109	934	2134	2164	935	2235	2223	936	2236	2289	937	2337	2341	938	2338	2393	839	2439	2450	840	2440	2516	841	2541	2580	842	2642	2644	843	2643	2708	844	2744	2773	845	2845	2830	846	2846	2908	847	2947	2979	948	3048	3056	949	3149	3118	950	3150	3179	951	3251	3244	952	3252	3305	553	3353	3359	554	3454	3432	555	3455	3502	956	3556	3566	557	3657	3629	558	3658	3694	559	3759	3754	660	3760	3810	661	3861	3874	662	3962	3948	663	3963	4010	664	4064	4081	665	4165	4132	666	4166	4205	667	4267	4317	668	4368	4391	969	4469	4455	970	4470	4511	971	4571	4568	972	4572	4634	973	4673	4683	774	4774	4749	975	4775	4800	89955
76	4861	89836
77	4912	78	49578	4979	89563
79	5033	89337
80	5112	89562
81	5178	89544
82	5246	89576
83	5314	89581
84	5383	89613
85	5449	89600
86	5513	89550
87	5570	89384
88	5646	89520
89	5716	89556
90	5794	89724
91	5857	89643
92	5922	89599
93	5994	89662
94	6069	89771
95	6146	89899
96	6222	90003
997	6320	90423998	6384	9034999	6415	89811
100	6471	89645
101	6529	89489
1102	6617	897561103	6676	89620104	6696	88964
1105	6790	893071106	6855	892481107	6923	892371108	6979	890671109	7029	88827110	7034	88027
111	7093	87907
112	7160	87891
113	7205	87601
114	7265	87497
115	7319	87330
116	7386	87314
117	7441	87152
118	7484	86855
119	7524	86529
120	7577	86356
121	7646	86372
122	7714	86363
123	7735	85843
124	7786	85646
125	7833	85423
126	7883	85226
127	7930	85008
128	7970	84705
129	8015	84472
130	8064	84281
131	8108	84034
132	8158	83852
133	8203	83624
134	8254	83466
135	8297	83219
136	8343	83009
137	8384	82756
138	8435	82598
139	8481	82393
140	8524	82164
141	8572	81982
142	8617	81777
143	8674	81681
144	8723	81522
145	8769	81330
146	8816	81146
147	8857	80912
148	8904	80738
149	8951	80567
150	9010	80500
151	9052	80277
152	9078	79927
153	9123	79743
154	9166	79541
155	9215	79396
156	9261	79225
157	9323	79192
158	9372	79047
159	9415	78851
160	9464	78709
161	9515	78590
162	9570	78498
163	9612	78305
164	9621	77847
165	9666	77681
166	9711	77515
167	9762	77400
168	9798	77172
169	9840	76987
170	9879	76785
171	9930	76669
172	9976	7173	9173	10024	76394
174	10068	76231
175	10116	76105
176	10162	75959
177	10220	75906
178	10263	75740
179	10312	75623
180	10359	75493
181	10401	75322
182	10450	75207
183	10527	75293
184	10594	75308
185	10654	75268
186	10715	75235
187	10770	75166
188	10826	75099
189	10871	74954
190	10921	74846
191	10990	74875
192	11070	74970
193	11133	74947
194	11195	74925
195	11251	74855
196	11291	74684
197	11355	74674
198	11398	74519
199	11446	74402
200	11493	74276
201	11542	74171
202	11582	74002
203	11621	73833
204	11669	73717
205	11724	73645
206	11767	73503
207	11808	73351
208	11847	73184
209	11887	73023
210	11934	72909
211	11980	72786
212	12022	72642
213	12075	72564
214	12124	72462
215	12184	72431
216	12228	72302
217	12281	72222
218	12321	72070
219	12359	71909
220	12406	71802
221	12456	71706
222	12502	71595
223	12547	71478
224	12595	71373
225	12645	71282
226	12692	71176
227	12733	71041
228	12785	70964
229	12830	70846
230	12878	70747
231	12931	70675
232	12985	70614
233	13029	70492
234	13079	70406
235	13127	70308
236	13179	70234
237	13219	70097
238	13262	69976
239	13302	69835
240	13355	69770
241	13401	69665
242	13457	69611
243	13498	69485
244	13545	69384
245	13581	69234
246	13652	69259
247	13710	69216
248	13767	69169
249	13813	69065
250	13865	68998
251	13909	68886
252	13961	68813
253	14004	68697
254	14053	68612
255	14101	68525
256	14148	68427
257	14197	68348
258	14251	68287
259	14314	68270
260	14362	68180
261	14427	68173
262	14490	68153
263	14585	68284
264	14675	68394
265	14745	68407
266	14811	68398
267	14883	68419
268	14960	68462
269	15040	68518
270	15109	68522
271	15167	68478
272	15233	68465
273	15299	68457
274	15365	68445
275	15421	68392
276	15477	68335
277	15527	68254
278	15571	68144
279	15613	68032
280	15670	67980
281	15721	67902
282	15774	67834
283	15825	67761
284	15877	67687
285	15921	67584
286	15965	67479
287	16023	67431
288	16075	67360
289	16126	67285
290	16171	67186
291	16212	67072
292	16260	66984
293	16309	66902
294	16353	66798
295	16404	66727
296	16458	66665
297	16504	66571
298	16555	66496
299	16604	66419
300	16648	66318
301	16704	66263
302	16749	66170
303	16802	66105
304	16847	66009
305	16891	65911
306	16937	65820
307	16989	65751
308	17043	65692
309	17093	65617
310	17142	65536
311	17186	65441
312	17235	65362
313	17287	65296
314	17340	65234
315	17390	65159
316	17444	65099
317	17496	65033
318	17543	64950
319	17599	64897
320	17640	64792
321	17685	64700
322	17739	64641
323	17783	64547
324	17844	64516
325	17895	64446
326	17944	64370
327	17995	64302
328	18041	64216
329	18089	64134
330	18145	64084
331	18200	64030
332	18250	63959
333	18300	63886
334	18338	63773
335	18393	63719
336	18438	63630
337	18487	63558
338	18529	63458
339	18576	63377
340	18635	63337
341	18680	63250
342	18726	63167
343	18780	63111
344	18826	63028
345	18870	62937
346	18911	62837
347	18957	62757
348	19005	62681
349	19050	62593
350	19091	62495
351	19135	62409
352	19182	62328
353	19225	62238
354	19277	62175
355	19321	62088
356	19371	62021
357	19424	61964
358	19478	61908
359	19531	61850
360	19584	61792
361	19621	61684
362	19668	61606
363	19711	61517
364	19747	61406
365	19793	61327
366	19836	61239
367	19874	61136
368	19922	61063
369	19974	61003
370	20034	60968
371	20081	60892
372	20116	60780
373	20163	60706
374	20221	60665
375	20272	60602
376	20325	60545
377	20363	60444
378	20408	60364
379	20460	60304
380	20508	60234
381	20556	60163
382	20610	60110
383	20656	60033
384	20704	59962
385	20744	59868
386	20790	59794
387	20837	59719
388	20878	59629
389	20928	59565
390	20977	59499
391	21028	59436
392	21076	59369
393	21132	59321
394	21178	59246
395	21225	59174
396	21272	59103
397	21320	59033
398	21369	58966
399	21430	58933
400	21481	58873
401	21535	58819
402	21586	58760
403	21635	58693
404	21687	58637
405	21735	58568
406	21788	58513
407	21843	58462
408	21890	58393
409	21939	58327
410	21992	58272
411	22044	58214
412	22093	58150
413	22139	58075
414	22188	58011
415	22231	57929
416	22283	57872
417	22334	57812
418	22384	57750
419	22461	57759
420	22469	57588
421	22511	57504
422	22555	57427
423	22595	57341
424	22647	57286
425	22691	57209
426	22733	57127
427	22770	57033
428	22821	56972
429	22867	56904
430	22927	56867
431	22986	56828
432	23064	56836
433	23134	56824
434	23212	56831
435	23285	56825
436	23356	56814
437	23408	56756
438	23461	56702
439	23527	56681
440	23586	56639
441	23640	56587
442	23691	56527
443	23743	56470
444	23798	56421
445	23846	56353
446	23892	56283
447	23940	56216
448	23993	56161
449	24039	56092
450	24093	56039
451	24141	55973
452	24185	55898
453	24231	55827
454	24287	55780
455	24335	55716
456	24389	55663
457	24435	55594
458	24490	55543
459	24536	55473
460	24577	55393
461	24624	55325
462	24666	55245
463	24713	55179
464	24760	55111
465	24803	55035
466	24854	54977
467	24908	54927
468	24962	54875
469	25028	54849
470	25071	54774
471	25117	54704
472	25162	54633
473	25209	54567
474	25256	54501
475	25303	54434
476	25351	54371
477	25410	54328
478	25463	54276
479	25521	54232
480	25566	54161
481	25635	54143
482	25678	54068
483	25733	54018
484	25775	53942
485	25841	53916
486	25886	53846
487	25945	53805
488	25986	53727
489	26040	53674
490	26076	53586
491	26118	53511
492	26161	53437
493	26204	53364
494	26250	53295
495	26300	53236
496	26343	53164
497	26393	53105
498	26444	53048
499	26496	52992
500	26546	52934
501	26590	52863
502	26643	52809
503	26700	52764
504	26739	52685
505	26793	52633
506	26844	52576
507	26890	52510
508	26927	52426
509	26978	52370
510	27020	52295
511	27073	52242
512	27124	52186
513	27184	52148
514	27249	52118
515	27312	52083
516	27368	52037
517	27426	51993
518	27482	51946
519	27531	51886
520	27594	51851
521	27657	51818
522	27692	51730
523	27734	51658
524	27782	51595
525	27832	51537
526	27887	51488
527	27942	51438
528	27999	51394
529	28051	51340
530	28094	51268
531	28148	51217
532	28202	51166
533	28248	51100
534	28296	51040
535	28357	51000
536	28411	50950
537	28459	50888
538	28525	50859
539	28590	50827
540	28639	50768
541	28693	50717
542	28740	50652
543	28789	50593
544	28834	50526
545	28875	50452
546	28925	50394
547	28975	50336
548	29023	50275
549	29077	50224
550	29126	50165
551	29173	50102
552	29236	50067
553	29284	50006
554	29331	49943
555	29382	49887
556	29426	49818
557	29480	49768
558	29529	49709
559	29585	49661
560	29633	49599
561	29686	49548
562	29725	49472
563	29771	49407
564	29817	49344
565	29866	49285
566	29918	49231
567	29961	49162
568	30005	49094
569	30053	49035
570	30101	48974
571	30159	48930
572	30218	48887
573	30290	48866
574	30337	48803
575	30379	48733
576	30426	48671
577	30485	48629
578	30532	48567
579	30583	48511
580	30621	48435
581	30666	48371
582	30713	48308
583	30753	48236
584	30800	48175
585	30855	48126
586	30900	48061
587	30954	48011
588	31002	47951
589	31051	47892
590	31095	47827
591	31138	47760
592	31189	47704
593	31231	47636
594	31279	47576
595	31331	47523
596	31381	47466
597	31434	47414
598	31474	47343
599	31537	47306
600	31580	47239
601	31628	47179
602	31671	47113
603	31720	47055
604	31764	46990
605	31827	46953
606	31876	46895
607	31941	46862
608	31986	46798
609	32037	46742
610	32081	46678
611	32137	46631
612	32180	46564
613	32227	46504
614	32269	46436
615	32313	46371
616	32357	46308
617	32406	46250
618	32453	46189
619	32502	46132
620	32547	46068
621	32602	46021
622	32646	45956
623	32697	45902
624	32743	45841
625	32799	45793
626	32857	45748
627	32917	45707
628	32963	45646
629	33018	45596
630	33063	45533
631	33109	45473
632	33162	45422
633	33217	45372
634	33263	45311
635	33313	45255
636	33360	45196
637	33406	45135
638	33452	45074
639	33499	45015
640	33543	44950
641	33596	44899
642	33640	44836
643	33684	44773
644	33730	44712
645	33778	44653
646	33821	44590
647	33865	44526
648	33908	44462
649	33953	44401
650	33995	44335
651	34048	44284
652	34091	44219
653	34141	44165
654	34193	44111
655	34244	44057
656	34294	44003
657	34343	43947
658	34386	43882
659	34435	43827
660	34472	43756
661	34519	43697
662	34563	43634
663	34617	43584
664	34665	43527
665	34710	43466
666	34759	43410
667	34818	43366
668	34866	43309
669	34921	43261
670	34967	43201
671	35015	43144
672	35064	43088
673	35124	43045
674	35177	42995
675	35230	42943
676	35280	42889
677	35323	42826
678	35371	42769
679	35423	42717
680	35470	42657
681	35523	42607
682	35573	42552
683	35621	42495
684	35670	42439
685	35713	42377
686	35757	42316
687	35808	42262
688	35856	42205
689	35904	42148
690	35952	42091
691	36003	42038
692	36051	41981
693	36100	41926
694	36144	41865
695	36189	41805
696	36235	41745
697	36282	41688
698	36325	41626
699	36371	41566
700	36423	41515
701	36471	41458
702	36508	41389
703	36557	41335
704	36620	41295
705	36667	41237
706	36731	41199
707	36776	41140
708	36833	41093
709	36882	41038
710	36927	40978
711	36975	40922
712	37014	40856
713	37061	40799
714	37112	40745
715	37159	40688
716	37199	40623
717	37243	40563
718	37295	40511
719	37339	40451
720	37379	40386
721	37432	40335
722	37484	40284
723	37533	40229
724	37582	40173
725	37637	40125
726	37687	40071
727	37736	40017
728	37786	39963
729	37835	39908
730	37883	39853
731	37932	39797
732	37975	39736
733	38022	39680
734	38070	39624
735	38130	39581
736	38182	39529
737	38229	39473
738	38268	39407
739	38317	39353
740	38360	39292
741	38406	39234
742	38442	39166
743	38500	39121
744	38546	39063
745	38593	39007
746	38642	38952
747	38705	38912
748	38757	38861
749	38812	38812
750	38863	38759
751	38910	38703
752	38966	38655
753	39020	38606
754	39067	38550
755	39115	38494
756	39156	38432
757	39215	38387
758	39254	38323
759	39297	38263
760	39351	38214
761	39403	38162
762	39444	38100
763	39485	38038
764	39530	37980
765	39582	37928
766	39630	37873
767	39671	37812
768	39720	37757
769	39770	37704
770	39813	37644
771	39874	37602
772	39914	37539
773	39957	37479
774	40006	37425
775	40055	37371
776	40104	37317
777	40146	37256
778	40191	37199
779	40242	37147
780	40289	37091
781	40336	37035
782	40378	36974
783	40427	36921
784	40473	36864
785	40526	36813
786	40578	36763
787	40630	36711
788	40678	36657
789	40730	36605
790	40776	36549
791	40828	36498
792	40874	36441
793	40927	36391
794	40969	36331
795	41011	36271
796	41052	36210
797	41099	36155
798	41146	36099
799	41191	36042
800	41242	35990
801	41290	35936
802	41349	35890
803	41401	35839
804	41451	35787
805	41503	35736
806	41551	35681
807	41600	35627
808	41654	35578
809	41706	35527
810	41750	35469
811	41794	35412
812	41847	35362
813	41893	35305
814	41940	35250
815	41994	35201
816	42043	35148
817	42097	35098
818	42144	35043
819	42197	34993
820	42246	34939
821	42296	34886
822	42343	34832
823	42387	34774
824	42440	34724
825	42482	34665
826	42528	34608
827	42574	34553
828	42618	34495
829	42671	34445
830	42725	34395
831	42772	34341
832	42817	34284
833	42864	34229
834	42912	34176
835	42962	34123
836	43016	34073
837	43062	34018
838	43108	33962
839	43156	33908
840	43199	33850
841	43243	33793
842	43290	33739
843	43348	33692
844	43405	33645
845	43455	33593
846	43507	33542
847	43554	33487
848	43600	33431
849	43639	33371
850	43687	33317
851	43725	33256
852	43767	33197
853	43818	33146
854	43871	33096
855	43920	33043
856	43969	32990
857	44023	32940
858	44065	32882
859	44113	32828
860	44160	32774
861	44209	32721
862	44252	32663
863	44307	32615
864	44368	32570
865	44430	32527
866	44482	32476
867	44535	32426
868	44604	32388
869	44665	32343
870	44714	32290
871	44762	32237
872	44814	32186
873	44870	32138
874	44922	32087
875	44984	32043
876	45030	31988
877	45089	31942
878	45137	31888
879	45192	31840
880	45250	31793
881	45302	31742
882	45342	31682
883	45394	31632
884	45442	31578
885	45491	31525
886	45539	31471
887	45584	31416
888	45632	31362
889	45690	31316
890	45736	31261
891	45785	31208
892	45845	31162
893	45889	31106
894	45934	31050
895	45983	30997
896	46038	30949
897	46094	30900
898	46135	30842
899	46189	30792
900	46237	30739
901	46277	30680
902	46320	30623
903	46363	30567
904	46404	30508
905	46446	30451
906	46491	30396
907	46549	30349
908	46591	30292
909	46636	30237
910	46683	30183
911	46731	30129
912	46774	30072
913	46825	30021
914	46868	29964
915	46915	29910
916	46955	29852
917	46996	29795
918	47038	29738
919	47089	29686
920	47131	29629
921	47170	29571
922	47216	29516
923	47263	29463
924	47304	29405
925	47355	29354
926	47403	29301
927	47456	29250
928	47501	29196
929	47542	29138
930	47591	29086
931	47644	29036
932	47684	28978
933	47736	28927
934	47786	28876
935	47822	28815
936	47865	28760
937	47912	28706
938	47962	28655
939	48021	28608
940	48084	28564
941	48155	28524
942	48199	28469
943	48245	28415
944	48289	28360
945	48339	28308
946	48386	28255
947	48437	28204
948	48499	28159
949	48554	28110
950	48601	28056
951	48655	28007
952	48700	27952
953	48754	27903
954	48806	27852
955	48849	27797
956	48901	27746
957	48948	27693
958	48991	27637
959	49066	27599
960	49108	27543
961	49155	27490
962	49193	27432
963	49240	27378
964	49278	27320
965	49317	27262
966	49361	27207
967	49408	27154
968	49444	27095
969	49487	27039
970	49534	26986
971	49588	26937
972	49624	26878
973	49670	26824
974	49723	26774
975	49771	26721
976	49813	26665
977	49860	26612
978	49907	26559
979	49950	26504
980	49994	26449
981	50041	26396
982	50086	26342
983	50130	26287
984	50167	26229
985	50209	26174
986	50249	26117
987	50295	26063
988	50340	26009
989	50389	25957
990	50425	25899
991	50474	25848
992	50524	25796
993	50575	25745
994	50615	25689
995	50670	25640
996	50716	25587
997	50769	25537
998	50816	25484
999	50861	25430
1000	50901	25374
1001	50940	25317
1002	50980	25261
1003	51019	25204
1004	51063	25150
1005	51104	25095
1006	51143	25038
1007	51187	24984
1008	51242	24935
1009	51284	24880
1010	51322	24823
1011	51378	24775
1012	51422	24721
1013	51471	24669
1014	51524	24619
1015	51564	24564
1016	51611	24511
1017	51656	24458
1018	51701	24404
1019	51745	24350
1020	51792	24298
1021	51839	24245
1022	51881	24191
1023	51922	24135
1024	51969	24083
1025	52024	24034
1026	52071	23982
1027	52133	23936
1028	52202	23894
1029	52251	23842
1030	52294	23788
1031	52337	23734
1032	52391	23685
1033	52440	23633
1034	52495	23584
1035	52541	23532
1036	52585	23478
1037	52635	23427
1038	52680	23373
1039	52719	23318
1040	52760	23263
1041	52804	23209
1042	52850	23156
1043	52905	23108
1044	52955	23057
1045	53005	23006
1046	53069	22961
1047	53117	22909
1048	53171	22860
1049	53210	22804
1050	53253	22750
1051	53302	22699
1052	53356	22649
1053	53402	22597
1054	53446	22543
1055	53487	22489
1056	53553	22444
1057	53599	22392
1058	53642	22338
1059	53693	22287
1060	53745	22237
1061	53793	22185
1062	53841	22134
1063	53883	22080
1064	53936	22030
1065	53982	21977
1066	54029	21925
1067	54076	21873
1068	54127	21823
1069	54172	21770
1070	54229	21722
1071	54278	21670
1072	54327	21619
1073	54372	21566
1074	54423	21516
1075	54464	21461
1076	54511	21409
1077	54562	21359
1078	54607	21306
1079	54649	21252
1080	54703	21203
1081	54754	21152
1082	54806	21102
1083	54854	21051
1084	54903	21000
1085	54952	20948
1086	54997	20895
1087	55046	20844
1088	55090	20791
1089	55137	20739
1090	55177	20685
1091	55227	20634
1092	55277	20583
1093	55330	20533
1094	55380	20483
1095	55430	20432
1096	55481	20381
1097	55529	20330
1098	55574	20277
1099	55620	20225
1100	55678	20177
1101	55717	20123
1102	55766	20071
1103	55818	20021
1104	55862	19969
1105	55911	19917
1106	55959	19866
1107	56005	19814
1108	56056	19763
1109	56103	19712
1110	56141	19656
1111	56183	19603
1112	56231	19552
1113	56278	19500
1114	56326	19448
1115	56376	19398
1116	56415	19343
1117	56468	19294
1118	56514	19242
1119	56561	19190
1120	56606	19137
1121	56650	19085
1122	56701	19035
1123	56748	18983
1124	56801	18933
1125	56851	18883
1126	56896	18830
1127	56944	18779
1128	56996	18729
1129	57036	18675
1130	57090	18626
1131	57139	18575
1132	57183	18522
1133	57220	18468
1134	57261	18414
1135	57305	18362
1136	57352	18310
1137	57394	18257
1138	57439	18205
1139	57481	18152
1140	57530	18101
1141	57578	18050
1142	57622	17997
1143	57658	17942
1144	57706	17891
1145	57744	17837
1146	57794	17786
1147	57844	17736
1148	57902	17688
1149	57949	17636
1150	57993	17584
1151	58040	17532
1152	58098	17484
1153	58137	17431
1154	58179	17378
1155	58224	17326
1156	58265	17273
1157	58312	17221
1158	58365	17172
1159	58405	17118
1160	58453	17067
1161	58491	17013
1162	58545	16964
1163	58590	16912
1164	58642	16862
1165	58681	16809
1166	58725	16757
1167	58768	16704
1168	58816	16653
1169	58865	16603
1170	58910	16551
1171	58944	16496
1172	58994	16445
1173	59035	16393
1174	59087	16343
1175	59129	16290
1176	59163	16236
1177	59203	16182
1178	59242	16129
1179	59287	16077
1180	59356	16032
1181	59404	15981
1182	59457	15932
1183	59501	15880
1184	59551	15830
1185	59597	15778
1186	59644	15727
1187	59688	15675
1188	59735	15624
1189	59781	15573
1190	59826	15521
1191	59872	15470
1192	59921	15419
1193	59968	15368
1194	60012	15317
1195	60052	15264
1196	60106	15214
1197	60156	15164
1198	60200	15112
1199	60240	15060
1200	60299	15011
1201	60344	14960
1202	60386	14908
1203	60451	14861
1204	60498	14810
1205	60536	14757
1206	60577	14705
1207	60630	14655
1208	60674	14604
1209	60717	14552
1210	60762	14500
1211	60803	14448
1212	60851	14397
1213	60901	14347
1214	60954	14297
1215	61015	14250
1216	61062	14199
1217	61113	14149
1218	61155	14097
1219	61202	14046
1220	61242	13993
1221	61291	13943
1222	61338	13892
1223	61385	13841
1224	61431	13790
1225	61477	13739
1226	61517	13687
1227	61563	13636
1228	61604	13584
1229	61655	13534
1230	61702	13483
1231	61764	13435
1232	61808	13384
1233	61852	13332
1234	61903	13282
1235	61952	13232
1236	61992	13180
1237	62047	13131
1238	62105	13082
1239	62163	13034
1240	62212	12983
1241	62258	12932
1242	62308	12882
1243	62357	12832
1244	62404	12781
1245	62447	12730
1246	62494	12679
1247	62539	12628
1248	62580	12576
1249	62627	12525
1250	62669	12473
1251	62714	12422
1252	62762	12372
1253	62810	12321
1254	62853	12270
1255	62897	12219
1256	62946	12168
1257	62990	12117
1258	63032	12065
1259	63081	12015
1260	63121	11963
1261	63162	11911
1262	63197	11858
1263	63249	11809
1264	63291	11757
1265	63334	11706
1266	63380	11655
1267	63427	11605
1268	63466	11553
1269	63518	11503
1270	63561	11452
1271	63609	11401
1272	63660	11351
1273	63707	11301
1274	63746	11249
1275	63794	11199
1276	63836	11147
1277	63872	11095
1278	63912	11043
1279	63958	10992
1280	64000	10941
1281	64042	10890
1282	64090	10840
1283	64141	10790
1284	64181	10738
1285	64221	10686
1286	64280	10638
1287	64323	10587
1288	64370	10537
1289	64415	10486
1290	64454	10434
1291	64496	10383
1292	64539	10332
1293	64588	10282
1294	64629	10230
1295	64678	10180
1296	64717	10129
1297	64762	10078
1298	64803	10027
1299	64848	9976
1300	64886	9925
1301	64928	9873
1302	64975	9823
1303	65026	9773
1304	65073	9723
1305	65120	9673
1306	65166	9622
1307	65218	9573
1308	65263	9522
1309	65308	9472
1310	65356	9422
1311	65410	9372
1312	65456	9322
1313	65509	9273
1314	65560	9223
1315	65611	9173
1316	65660	9123
1317	65718	9074
1318	65764	9024
1319	65812	8974
1320	65851	8923
1321	65896	8872
1322	65937	8821
1323	65984	8771
1324	66031	8721
1325	66079	8671
1326	66117	8619
1327	66168	8570
1328	66216	8519
1329	66265	8470
1330	66314	8420
1331	66363	8370
1332	66407	8319
1333	66455	8269
1334	66506	8219
1335	66549	8169
1336	66596	8119
1337	66647	8069
1338	66689	8018
1339	66736	7968
1340	66785	7918
1341	66835	7868
1342	66881	7818
1343	66920	7767
1344	66965	7717
1345	67009	7666
1346	67052	7616
1347	67100	7566
1348	67150	7516
1349	67199	7466
1350	67254	7417
1351	67315	7368
1352	67401	7323
1353	67474	7275
1354	67528	7226
1355	67583	7177
1356	67635	7127
1357	67686	7077
1358	67742	7028
1359	67787	6978
1360	67831	6927
1361	67882	6877
1362	67926	6827
1363	67972	6777
1364	68024	6727
1365	68075	6677
1366	68117	6627
1367	68157	6576
1368	68201	6526
1369	68252	6476
1370	68302	6426
1371	68349	6376
1372	68392	6326
1373	68453	6277
1374	68500	6227
1375	68557	6178
1376	68609	6128
1377	68649	6077
1378	68687	6026
1379	68731	5976
1380	68775	5926
1381	68829	5876
1382	68873	5826
1383	68927	5777
1384	68980	5727
1385	69022	5677
1386	69068	5627
1387	69114	5576
1388	69161	5526
1389	69209	5477
1390	69259	5427
1391	69308	5377
1392	69353	5327
1393	69409	5277
1394	69455	5227
1395	69503	5177
1396	69548	5127
1397	69596	5077
1398	69641	5027
1399	69684	4977
1400	69724	4927
1401	69773	4877
1402	69818	4827
1403	69875	4777
1404	69919	4727
1405	69962	4677
1406	70007	4627
1407	70066	4578
1408	70113	4528
1409	70161	4478
1410	70203	4428
1411	70247	4378
1412	70295	4328
1413	70348	4278
1414	70387	4228
1415	70426	4177
1416	70465	4127
1417	70512	4077
1418	70555	4027
1419	70618	3978
1420	70661	3928
1421	70732	3879
1422	70780	3829
1423	70828	3780
1424	70865	3729
1425	70931	3680
1426	70975	3630
1427	71039	3581
1428	71082	3531
1429	71143	3482
1430	71191	3432
1431	71259	3383
1432	71303	3333
1433	71351	3283
1434	71408	3234
1435	71464	3185
1436	71510	3135
1437	71558	3085
1438	71602	3035
1439	71648	2985
1440	71697	2935
1441	71749	2885
1442	71803	2836
1443	71852	2786
1444	71892	2736
1445	71941	2686
1446	71992	2636
1447	72041	2587
1448	72089	2537
1449	72141	2487
1450	72185	2437
1451	72236	2387
1452	72280	2338
1453	72329	2288
1454	72372	2238
1455	72425	2188
1456	72467	2138
1457	72511	2088
1458	72548	2038
1459	72590	1988
1460	72637	1938
1461	72684	1889
1462	72722	1839
1463	72768	1789
1464	72816	1739
1465	72858	1689
1466	72901	1639
1467	72949	1590
1468	72989	1540
1469	73043	1490
1470	73093	1441
1471	73140	1391
1472	73192	1341
1473	73236	1291
1474	73283	1242
1475	73333	1192
1476	73377	1142
1477	73425	1092
1478	73463	1043
1479	73517	993
1480	73561	943
1481	73612	894
1482	73657	844
1483	73719	794
1484	73758	745
1485	73819	695
1486	73860	645
1487	73912	596
1488	73955	546
1489	73990	496
1490	74023	446
1491	74060	397
1492	74114	347
1493	74149	297
1494	74184	248
1495	74214	198
1496	74247	148
1497	74292	99
1498	74334	49
1499	74369	0
